Cruise Line,Ship Name
Carnival Cruise Line,Carnival Breeze
Carnival Cruise Line,Carnival Celebration
Carnival Cruise Line,Carnival Conquest
Carnival Cruise Line,Carnival Dream
Carnival Cruise Line,Carnival Elation
Carnival Cruise Line,Carnival Firenze
Carnival Cruise Line,Carnival Freedom
Carnival Cruise Line,Carnival Glory
Carnival Cruise Line,Carnival Horizon
Carnival Cruise Line,Carnival Jubilee
Carnival Cruise Line,Carnival Legend
Carnival Cruise Line,Carnival Liberty
Carnival Cruise Line,Carnival Luminosa
Carnival Cruise Line,Carnival Magic
Carnival Cruise Line,Mardi Gras
Carnival Cruise Line,Carnival Miracle
Carnival Cruise Line,Carnival Panorama
Carnival Cruise Line,Carnival Paradise
Carnival Cruise Line,Carnival Pride
Carnival Cruise Line,Carnival Radiance
Carnival Cruise Line,Carnival Spirit
Carnival Cruise Line,Carnival Splendor
Carnival Cruise Line,Carnival Sunrise
Carnival Cruise Line,Carnival Sunshine
Carnival Cruise Line,Carnival Valor
Carnival Cruise Line,Carnival Venezia
Royal Caribbean,Adventure of the Seas
Royal Caribbean,Allure of the Seas
Royal Caribbean,Anthem of the Seas
Royal Caribbean,Brilliance of the Seas
Royal Caribbean,Enchantment of the Seas
Royal Caribbean,Explorer of the Seas
Royal Caribbean,Freedom of the Seas
Royal Caribbean,Grandeur of the Seas
Royal Caribbean,Harmony of the Seas
Royal Caribbean,Icon of the Seas
Royal Caribbean,Independence of the Seas
Royal Caribbean,Jewel of the Seas
Royal Caribbean,Liberty of the Seas
Royal Caribbean,Mariner of the Seas
Royal Caribbean,Navigator of the Seas
Royal Caribbean,Oasis of the Seas
Royal Caribbean,Odyssey of the Seas
Royal Caribbean,Ovation of the Seas
Royal Caribbean,Quantum of the Seas
Royal Caribbean,Radiance of the Seas
Royal Caribbean,Rhapsody of the Seas
Royal Caribbean,Serenade of the Seas
Royal Caribbean,Spectrum of the Seas
Royal Caribbean,Symphony of the Seas
Royal Caribbean,Utopia of the Seas
Royal Caribbean,Vision of the Seas
Royal Caribbean,Voyager of the Seas
Royal Caribbean,Wonder of the Seas
Norwegian (NCL),Norwegian Aqua
Norwegian (NCL),Norwegian Bliss
Norwegian (NCL),Norwegian Breakaway
Norwegian (NCL),Norwegian Dawn
Norwegian (NCL),Norwegian Encore
Norwegian (NCL),Norwegian Epic
Norwegian (NCL),Norwegian Escape
Norwegian (NCL),Norwegian Gem
Norwegian (NCL),Norwegian Getaway
Norwegian (NCL),Norwegian Jade
Norwegian (NCL),Norwegian Jewel
Norwegian (NCL),Norwegian Joy
Norwegian (NCL),Norwegian Pearl
Norwegian (NCL),Norwegian Prima
Norwegian (NCL),Norwegian Sky
Norwegian (NCL),Norwegian Spirit
Norwegian (NCL),Norwegian Star
Norwegian (NCL),Norwegian Sun
Norwegian (NCL),Norwegian Viva
MSC Cruises,MSC Armonia
MSC Cruises,MSC Bellissima
MSC Cruises,MSC Divina
MSC Cruises,MSC Euribia
MSC Cruises,MSC Fantasia
MSC Cruises,MSC Grandiosa
MSC Cruises,MSC Lirica
MSC Cruises,MSC Magnifica
MSC Cruises,MSC Meraviglia
MSC Cruises,MSC Musica
MSC Cruises,MSC Opera
MSC Cruises,MSC Orchestra
MSC Cruises,MSC Poesia
MSC Cruises,MSC Preziosa
MSC Cruises,MSC Seascape
MSC Cruises,MSC Seashore
MSC Cruises,MSC Seaside
MSC Cruises,MSC Sinfonia
MSC Cruises,MSC Splendida
MSC Cruises,MSC Virtuosa
MSC Cruises,MSC World America
MSC Cruises,MSC World Europa
Princess Cruises,Caribbean Princess
Princess Cruises,Coral Princess
Princess Cruises,Crown Princess
Princess Cruises,Discovery Princess
Princess Cruises,Emerald Princess
Princess Cruises,Enchanted Princess
Princess Cruises,Grand Princess
Princess Cruises,Island Princess
Princess Cruises,Majestic Princess
Princess Cruises,Regal Princess
Princess Cruises,Royal Princess
Princess Cruises,Ruby Princess
Princess Cruises,Sapphire Princess
Princess Cruises,Sky Princess
Princess Cruises,Star Princess
Princess Cruises,Sun Princess
Celebrity Cruises,Celebrity Apex
Celebrity Cruises,Celebrity Ascent
Celebrity Cruises,Celebrity Beyond
Celebrity Cruises,Celebrity Constellation
Celebrity Cruises,Celebrity Eclipse
Celebrity Cruises,Celebrity Edge
Celebrity Cruises,Celebrity Equinox
Celebrity Cruises,Celebrity Flora
Celebrity Cruises,Celebrity Infinity
Celebrity Cruises,Celebrity Millennium
Celebrity Cruises,Celebrity Reflection
Celebrity Cruises,Celebrity Silhouette
Celebrity Cruises,Celebrity Solstice
Celebrity Cruises,Celebrity Summit
Celebrity Cruises,Celebrity Xcel
Holland America Line,Eurodam
Holland America Line,Koningsdam
Holland America Line,Nieuw Amsterdam
Holland America Line,Nieuw Statendam
Holland America Line,Noordam
Holland America Line,Oosterdam
Holland America Line,Rotterdam
Holland America Line,Volendam
Holland America Line,Westerdam
Holland America Line,Zaandam
Holland America Line,Zuiderdam
Disney Cruise Line,Disney Adventure
Disney Cruise Line,Disney Destiny
Disney Cruise Line,Disney Dream
Disney Cruise Line,Disney Fantasy
Disney Cruise Line,Disney Magic
Disney Cruise Line,Disney Treasure
Disney Cruise Line,Disney Wish
Disney Cruise Line,Disney Wonder
Virgin Voyages,Brilliant Lady
Virgin Voyages,Resilient Lady
Virgin Voyages,Scarlet Lady
Virgin Voyages,Valiant Lady
Cunard Line,Queen Anne
Cunard Line,Queen Elizabeth
Cunard Line,Queen Mary 2
Cunard Line,Queen Victoria
